{"name":"08b11be6-c210-4b38-8609-84e9bb18135e","id":"/providers/Microsoft.Flow/flows/08b11be6-c210-4b38-8609-84e9bb18135e","type":"Microsoft.Flow/flows","properties":{"apiId":"/providers/Microsoft.PowerApps/apis/shared_logicflows","displayName":"tOffice365ActiveUserDetail","definition":{"metadata":{"workflowEntityId":null,"processAdvisorMetadata":null,"flowChargedByPaygo":null,"flowclientsuspensionreason":"None","flowclientsuspensiontime":null,"flowclientsuspensionreasondetails":null,"creator":{"id":"f3b4640d-54d7-4a11-9584-55c847401ca2","type":"User","tenantId":"2426eed1-83a3-4eb9-9a8a-24984b93861f"},"provisioningMethod":"FromDefinition","failureAlertSubscription":true,"clientLastModifiedTime":"2024-10-24T12:49:24.9660527Z","connectionKeySavedTimeKey":"2024-10-24T12:49:24.9660527Z"},"$schema":"https://schema.management.azure.com/providers/Microsoft.Logic/schemas/2016-06-01/workflowdefinition.json#","contentVersion":"1.0.0.0","parameters":{"$authentication":{"defaultValue":{},"type":"SecureObject"}},"triggers":{"manual":{"metadata":{"operationMetadataId":"bad61eac-5840-4214-bc73-965fe43146f9"},"type":"Request","kind":"Button","inputs":{"schema":{"type":"object","properties":{},"required":[]}}}},"actions":{"HTTP":{"runAfter":{"Parse_JSON":["Succeeded"]},"metadata":{"operationMetadataId":"ecea8130-862c-47e9-b103-d9235bfc538a"},"type":"Http","inputs":{"method":"GET","uri":"https://graph.microsoft.com/beta/reports/getOffice365ActiveUserDetail(period='D7')?$format=application/json","headers":{"Authorization":"Bearer @{body('Parse_JSON')?['access_token']}","Content-Type":"application/json"}}},"HTTP_2":{"runAfter":{},"metadata":{"operationMetadataId":"c4f5079d-cc87-4795-bba2-f82eb9e2519b"},"type":"Http","inputs":{"method":"POST","uri":"https://login.microsoftonline.com/2426eed1-83a3-4eb9-9a8a-24984b93861f/oauth2/v2.0/token","headers":{"Content-Type":"application/x-www-form-urlencoded"},"body":"client_id=d45dc10d-c05f-4d91-bc43-96e7b19f1b17&scope=https://graph.microsoft.com/.default&client_secret=qvg8Q~PHzbzLuCbb1Ju-cImO6ola-30_PDTW2dgT&grant_type=client_credentials"}},"Parse_JSON":{"runAfter":{"HTTP_2":["Succeeded"]},"metadata":{"operationMetadataId":"1b3ec853-5dfe-4b94-8424-f0dda19f1123"},"type":"ParseJson","inputs":{"content":"@body('HTTP_2')","schema":{"type":"object","properties":{"access_token":{"type":"string"}}}}},"Compose":{"runAfter":{"HTTP":["Succeeded"]},"metadata":{"operationMetadataId":"9a34a3c2-1493-4013-b529-12a900fbf7d4"},"type":"Compose","inputs":"@body('HTTP')?['Value']"},"Select":{"runAfter":{"Compose":["Succeeded"]},"metadata":{"operationMetadataId":"2e460d14-7292-4b40-bfe7-89c0a6f5e2f4"},"type":"Select","inputs":{"from":"@outputs('Compose')","select":{"Refresh date":"@item()['reportRefreshDate']","UPN":"@item()['userPrincipalName']"}}}}},"connectionReferences":{},"flowFailureAlertSubscribed":false,"isManaged":false}}