{"schemaVersion":"1.0","appDefinitionTemplate":{"id":"/providers/Microsoft.PowerApps/apps/","type":"Microsoft.PowerApps/apps","tags":{"primaryDeviceWidth":"1366","primaryDeviceHeight":"768","supportsPortrait":"false","supportsLandscape":"true","primaryFormFactor":"Tablet","showStatusBar":"false","publisherVersion":"3.24092.16","minimumRequiredApiVersion":"2.2.0","hasComponent":"false","hasUnlockedComponent":"false","isUnifiedRootApp":"false","sienaVersion":"20240927T060541Z-3.24092.16.0"},"properties":{"appVersion":"2024-09-27T06:05:41Z","lifeCycleId":"Published","createdByClientVersion":{"major":3,"minor":24092,"build":16,"revision":0,"majorRevision":0,"minorRevision":0},"minClientVersion":{"major":3,"minor":24092,"build":16,"revision":0,"majorRevision":0,"minorRevision":0},"backgroundColor":"rgba(175, 229, 178, 1)","backgroundImageUri":"/10802025769708764768/N1d9aa995-e44c-4286-8643-703d1177a799-logoSmallFile","displayName":"Premium License Request","description":"View the location and details of your customer appointments, build project estimates, and send the details to customers all within a single app.","commitMessage":"","appUris":{"documentUri":{"value":"/10802025769708764768/Nfddc9107-7db4-4ad4-8807-1dd396b582be-document.msapp"},"imageUris":[],"additionalUris":[{"isSolutionAware":false,"value":"/10802025769708764768/N9e18cc96-20f0-463a-81d4-a6150e6a9a1d-identity.json"}]},"createdTime":"0001-01-01T00:00:00Z","lastModifiedTime":"0001-01-01T00:00:00Z","sharedGroupsCount":0,"sharedUsersCount":0,"connectionReferences":{"9c575f4f-06d3-d9f1-be8e-d81160319b98":{"id":"7bedc0e3-6fb5-40fd-91aa-c2f22ec24ff6","displayName":"Office 365 Users","iconUri":"https://connectoricons-prod.azureedge.net/releases/v1.0.1715/1.0.1715.3906/office365users/icon.png","dataSources":["Office365Users"],"dependencies":[],"dependents":[],"parameterHints":{},"parameterHintsV2":{},"isOnPremiseConnection":false,"bypassConsent":false,"dataSets":{},"apiTier":"Standard","isCustomApiConnection":false,"actions":["MyProfile","SearchUser","Manager"]},"e2afc14c-3103-4ccb-a909-38cc84737466":{"id":"06cc260c-3a92-4839-b4d8-a7d4cd522230","displayName":"Office 365 Outlook","iconUri":"https://connectoricons-prod.azureedge.net/releases/v1.0.1706/1.0.1706.3851/office365/icon.png","dataSources":["Office365"],"dependencies":[],"dependents":[],"parameterHints":{},"parameterHintsV2":{},"isOnPremiseConnection":false,"bypassConsent":false,"dataSets":{},"apiTier":"Standard","isCustomApiConnection":false},"c0dd7ebb-f774-4703-850c-cd7ceb72599c":{"id":"cc05b3ca-1e17-4bdd-b57e-fecfd2e1d47d","displayName":"SharePoint","iconUri":"https://connectoricons-prod.azureedge.net/u/jayawan/releases/v1.0.1697/1.0.1697.3786/sharepointonline/icon.png","dataSources":["TypeOfRequest","Request"],"dependencies":[],"dependents":[],"parameterHints":{},"parameterHintsV2":{},"isOnPremiseConnection":false,"bypassConsent":false,"dataSets":{"https://share.philips.com/sites/EndofLife-LastTimeBuy":{"dataSources":{"TypeOfRequest":{"tableName":"c51cfef5-d2e4-4c24-8c40-f8255b1b0bc5"},"Request":{"tableName":"c37b4f89-e01f-42da-8196-af4f7f04677b"}}}},"apiTier":"Standard","isCustomApiConnection":false,"actions":["providers/PowerPlatform.Governance/Operations/Read","providers/PowerPlatform.Governance/Operations/Write"]}},"databaseReferences":{},"almMode":"Environment","performanceOptimizationEnabled":false,"canConsumeAppPass":false,"enableModernRuntimeMode":false,"executionRestrictions":{"isTeamsOnly":false,"dataLossPreventionEvaluationResult":{"status":"Compliant","lastEvaluationDate":"2024-09-27T05:15:33.2448717Z","violations":[],"violationsByPolicy":[],"violationErrorMessage":"The app uses the following connectors: shared_office365users, shared_office365, shared_sharepointonline."}}},"appType":"ClassicCanvasApp","appComponents":[]}}